phase,epoch,weighted_train_mse_scaled,weighted_train_rmse_cycles,epoch_seconds
fold_1,1,0.04621894942451162,21.49859284337271,1.877149299994926
fold_1,2,0.008875610473307396,9.421045840726705,1.072195799999463
fold_1,3,0.005982328069525613,7.734551098496675,1.1067366999996011
fold_1,4,0.005596834101556203,7.4811991696226094,1.1440263999975286
fold_1,5,0.005387226143571093,7.339772573841162,1.1412430999989738
fold_1,6,0.0052182500375898035,7.223745591858702,1.0779639999964274
fold_1,7,0.004944205080641984,7.031504163862796,1.108137800001714
fold_1,8,0.004765765534109054,6.903452421874909,1.157236600003671
fold_1,9,0.004772080796727301,6.908024896254574,1.1619444000025396
fold_1,10,0.004642116670277334,6.813308058701979,1.1522293000016361
fold_1,11,0.004492151413669734,6.702351388632002,1.125691300003382
fold_1,12,0.004408970217759712,6.640007694091711,1.1184220000068308
fold_2,1,0.047527265760695075,21.80074901481485,1.2829347000006237
fold_2,2,0.008909622013850187,9.439079411600575,1.1878219999998691
fold_2,3,0.00644915156842809,8.030660974308459,1.179462499996589
fold_2,4,0.005975434681443248,7.730093583808186,1.1253107000011369
fold_2,5,0.0056225874966779965,7.4983914919654575,1.1135215000031167
fold_2,6,0.005327129223275088,7.29871853360238,1.1176121000025887
fold_2,7,0.005090333370170885,7.1346572238411605,1.085581599996658
fold_2,8,0.005020500207650585,7.085548819710851,1.1319394999954966
fold_2,9,0.00468772205806667,6.846694135176969,1.0912115999963135
fold_2,10,0.004725152457679961,6.87397443818346,1.1189933999994537
fold_2,11,0.004448385986276355,6.669622167916526,1.1490061999938916
fold_2,12,0.004316997694948396,6.570386362268506,1.1896973999973852
fold_3,1,0.049109256045402554,22.160608305144187,1.2835740000009537
fold_3,2,0.010692400840214283,10.340406587854407,1.2075550000008661
fold_3,3,0.007999939962246856,8.944238347811877,1.1163398999997298
fold_3,4,0.007598465048868563,8.71691748777546,1.0933713000049465
fold_3,5,0.00713566394441812,8.447285921772815,1.0742370000007213
fold_3,6,0.006981449477981801,8.355506853555804,1.0784564999994473
fold_3,7,0.006787516830525446,8.23863874103328,1.095085900000413
fold_3,8,0.006656978661879312,8.159030985282083,1.0947231999962241
fold_3,9,0.006842690137403594,8.272055450372413,1.1260856000008062
fold_3,10,0.006589531825864458,8.11759313212017,1.1610508000012487
fold_3,11,0.006388630791984727,7.992891086449713,1.225277699995786
fold_3,12,0.006244883300885361,7.902457403166031,1.1992389999941224
full_dev,1,0.03521478932975374,18.765603995010057,1.6245703999957186
full_dev,2,0.006857603201841945,8.281064666962784,1.6352552000025753
full_dev,3,0.00632792831750478,7.9548276646981995,1.6063509000014164
full_dev,4,0.005788788461191573,7.608408809463102,1.6885952999946312
full_dev,5,0.005529611952234329,7.436136061311902,1.785438899998553
full_dev,6,0.005388888681933121,7.340905040887752,1.6755929999999353
full_dev,7,0.005203929460268357,7.2138266268800475,1.640017000005173
full_dev,8,0.005140595202755894,7.16979442017405,1.6434907000002568
full_dev,9,0.00502088328312367,7.085819136221069,1.6420596000025398
full_dev,10,0.00494648282852245,7.03312365064233,1.70075750000251
full_dev,11,0.004867117469022442,6.9764729405498604,1.6901230000003125
full_dev,12,0.004908301782974928,7.0059273354602585,1.718434199996409
