unit,cycle,prediction,raw_prediction,n_windows
11,1,59.41859848772893,59.41859848772893,183
11,2,63.857160119066464,63.857160119066464,293
11,3,56.7925975542127,56.7925975542127,163
11,4,59.94871413000098,59.94871413000098,219
11,5,59.2073958867502,59.2073958867502,229
11,6,60.45780323461159,60.45780323461159,194
11,7,53.53347346821769,53.53347346821769,183
11,8,56.69017809913272,56.69017809913272,147
11,9,56.00498276787835,56.00498276787835,148
11,10,60.646233344900196,60.646233344900196,232
11,11,54.23575373820342,54.23575373820342,229
11,12,60.18959762062488,60.18959762062488,239
11,13,56.49923093131419,56.49923093131419,178
11,14,58.18542124827703,58.18542124827703,192
11,15,56.621320098638535,56.621320098638535,128
11,16,49.787481689453124,49.787481689453124,190
11,17,57.13500912314967,57.13500912314967,190
11,18,57.00848514611641,57.00848514611641,209
11,19,55.21212487325181,55.21212487325181,137
11,20,49.7241641169009,49.7241641169009,115
11,21,46.26032095457378,46.26032095457378,190
11,22,47.966015309300914,47.966015309300914,145
11,23,46.61961700356072,46.61961700356072,183
11,24,46.371957257588704,46.371957257588704,150
11,25,44.44888443946839,44.44888443946839,160
11,26,40.58687739176293,40.58687739176293,146
11,27,39.191132454645064,39.191132454645064,210
11,28,41.67188368792309,41.67188368792309,191
11,29,39.16777258804164,39.16777258804164,194
11,30,36.775274004255024,36.775274004255024,175
11,31,34.941684435491695,34.941684435491695,146
11,32,32.09047254458631,32.09047254458631,239
11,33,32.78063418990687,32.78063418990687,152
11,34,32.046544286939834,32.046544286939834,198
11,35,31.929229481119506,31.929229481119506,142
11,36,28.376974257211838,28.376974257211838,189
11,37,28.13469932448696,28.13469932448696,142
11,38,26.615029888388552,26.615029888388552,162
11,39,24.33818884615628,24.33818884615628,212
11,40,24.367687511444093,24.367687511444093,180
11,41,23.05836408009786,23.05836408009786,167
11,42,21.9173256231814,21.9173256231814,196
11,43,18.70197548986483,18.70197548986483,238
11,44,18.932281690835953,18.932281690835953,160
11,45,17.20357711738515,17.20357711738515,214
11,46,15.923306659049514,15.923306659049514,241
11,47,14.386462582482231,14.386462582482231,198
11,48,13.130471906661988,13.130471906661988,200
11,49,11.225087055793175,11.225087055793175,234
11,50,9.948125673571663,9.948125673571663,213
11,51,8.94417773262929,8.94417773262929,236
11,52,8.014389195935479,8.014389195935479,145
11,53,6.789593508986176,6.789593508986176,244
11,54,5.608848795294762,5.608848795294762,128
11,55,4.721531141317632,4.721531141317632,209
11,56,4.057972320220755,4.057972320220755,159
11,57,2.9529246697823206,2.9529246697823206,120
11,58,2.5953943762399745,2.5953943762399745,289
11,59,2.0294082906511095,2.0294082906511095,135
14,1,60.89626502990723,60.89626502990723,42
14,2,58.69332656860352,58.69332656860352,25
14,3,59.359473936019405,59.359473936019405,31
14,4,58.09572528657459,58.09572528657459,21
14,5,60.39354280991988,60.39354280991988,44
14,6,56.493524630864464,56.493524630864464,48
14,7,58.00329807826451,58.00329807826451,21
14,8,61.80523472740536,61.80523472740536,42
14,9,60.515219007219585,60.515219007219585,28
14,10,59.01283809116909,59.01283809116909,28
14,11,56.58088195018279,56.58088195018279,39
14,12,57.61944796822288,57.61944796822288,44
14,13,51.9083130246117,51.9083130246117,21
14,14,51.36901988539585,51.36901988539585,43
14,15,51.10392487049103,51.10392487049103,32
14,16,55.79288146972656,55.79288146972656,25
14,17,54.91869302229448,54.91869302229448,44
14,18,50.62359122342841,50.62359122342841,43
14,19,56.45776925768171,56.45776925768171,28
14,20,49.687981538994364,49.687981538994364,43
14,21,55.38582284109933,55.38582284109933,28
14,22,50.16167794504473,50.16167794504473,31
14,23,52.8520165376885,52.8520165376885,43
14,24,50.90947237881747,50.90947237881747,44
14,25,50.898607072376066,50.898607072376066,42
14,26,51.44012046582771,51.44012046582771,33
14,27,49.90272903442383,49.90272903442383,31
14,28,45.62241008669831,45.62241008669831,43
14,29,46.25573964272776,46.25573964272776,31
14,30,48.49987548828125,48.49987548828125,25
14,31,44.95466995239258,44.95466995239258,43
14,32,44.77641248703003,44.77641248703003,16
14,33,45.62403945922851,45.62403945922851,25
14,34,44.343862771987915,44.343862771987915,32
14,35,51.09031432015555,51.09031432015555,28
14,36,50.350787026541575,50.350787026541575,28
14,37,45.59904098510742,45.59904098510742,31
14,38,47.885322843279155,47.885322843279155,28
14,39,42.621076822280884,42.621076822280884,32
14,40,41.488765470443234,41.488765470443234,31
14,41,41.388648494597405,41.388648494597405,31
14,42,40.294559359550476,40.294559359550476,32
14,43,41.015199502309166,41.015199502309166,24
14,44,39.5487254858017,39.5487254858017,32
14,45,37.867716789245605,37.867716789245605,24
14,46,33.76381355524063,33.76381355524063,32
14,47,32.54909148583045,32.54909148583045,65
14,48,32.1591854095459,32.1591854095459,16
14,49,30.30660934448242,30.30660934448242,25
14,50,30.457872607491232,30.457872607491232,44
14,51,27.885998129844666,27.885998129844666,16
14,52,28.02032709121704,28.02032709121704,44
14,53,26.82505226135254,26.82505226135254,39
14,54,26.37396560396467,26.37396560396467,28
14,55,24.170161962509155,24.170161962509155,48
14,56,25.141064059349798,25.141064059349798,31
14,57,21.92915397644043,21.92915397644043,25
14,58,21.122764414007012,21.122764414007012,33
14,59,21.213432669639587,21.213432669639587,16
14,60,19.535442113876343,19.535442113876343,24
14,61,16.517197012901306,16.517197012901306,16
14,62,15.258218476266572,15.258218476266572,33
14,63,14.643149619878725,14.643149619878725,43
14,64,13.721954085610129,13.721954085610129,33
14,65,12.19374858971798,12.19374858971798,33
14,66,10.37942724961501,10.37942724961501,39
14,67,9.739649588061917,9.739649588061917,31
14,68,8.408360796708328,8.408360796708328,65
14,69,7.316958858120826,7.316958858120826,31
14,70,6.185515173019901,6.185515173019901,31
14,71,5.510839746111915,5.510839746111915,42
14,72,4.6511558025114,4.6511558025114,31
14,73,3.653525480202266,3.653525480202266,28
14,74,2.8997303583683114,2.8997303583683114,39
14,75,2.5101285751049334,2.5101285751049334,65
14,76,1.8182240476210911,1.8182240476210911,48
15,1,59.05735761469061,59.05735761469061,44
15,2,60.8937908411026,60.8937908411026,128
15,3,61.45971113770873,61.45971113770873,91
15,4,56.99906590299786,56.99906590299786,106
15,5,56.954484354151354,56.954484354151354,101
15,6,57.53857193495098,57.53857193495098,152
15,7,57.403510074226226,57.403510074226226,98
15,8,56.029752268935695,56.029752268935695,66
15,9,50.85465740335399,50.85465740335399,145
15,10,54.452927256739414,54.452927256739414,86
15,11,54.83480884552002,54.83480884552002,100
15,12,55.625954085974385,55.625954085974385,139
15,13,59.47777589162191,59.47777589162191,96
15,14,56.238115426768424,56.238115426768424,115
15,15,52.3587151421441,52.3587151421441,135
15,16,52.028798125510995,52.028798125510995,86
15,17,53.25622554620107,53.25622554620107,96
15,18,52.05772741812247,52.05772741812247,135
15,19,47.44902166856074,47.44902166856074,113
15,20,50.96258255151602,50.96258255151602,104
15,21,52.33157049934819,52.33157049934819,106
15,22,45.989071919367866,45.989071919367866,91
15,23,52.69576430739018,52.69576430739018,114
15,24,46.875758700900604,46.875758700900604,63
15,25,48.57441975520207,48.57441975520207,143
15,26,38.478547898014035,38.478547898014035,113
15,27,39.88032970953425,39.88032970953425,109
15,28,40.15316981265419,40.15316981265419,95
15,29,37.46555266841765,37.46555266841765,124
15,30,42.36800082280086,42.36800082280086,130
15,31,39.06816256487811,39.06816256487811,54
15,32,36.00235855963923,36.00235855963923,124
15,33,37.592514762395545,37.592514762395545,79
15,34,36.683792237312566,36.683792237312566,124
15,35,36.8276941827003,36.8276941827003,141
15,36,38.23893240664868,38.23893240664868,94
15,37,36.78899111467249,36.78899111467249,68
15,38,33.458375364869504,33.458375364869504,91
15,39,31.314029094784757,31.314029094784757,86
15,40,29.058903945119756,29.058903945119756,95
15,41,29.835862885058766,29.835862885058766,142
15,42,29.578201972398183,29.578201972398183,149
15,43,25.706683672391453,25.706683672391453,104
15,44,25.392180893447375,25.392180893447375,91
15,45,25.005760047086486,25.005760047086486,157
15,46,22.62589279107288,22.62589279107288,113
15,47,23.209760409135086,23.209760409135086,104
15,48,21.550908027811253,21.550908027811253,141
15,49,21.4469123348113,21.4469123348113,124
15,50,18.337452132746858,18.337452132746858,159
15,51,16.897648216474174,16.897648216474174,101
15,52,16.45993505205427,16.45993505205427,35
15,53,14.549882677981728,14.549882677981728,95
15,54,13.259342193603516,13.259342193603516,87
15,55,12.289880612574587,12.289880612574587,109
15,56,10.245476758368662,10.245476758368662,107
15,57,10.607099039512768,10.607099039512768,114
15,58,8.745092471440634,8.745092471440634,36
15,59,7.682296390681303,7.682296390681303,129
15,60,6.833611849815615,6.833611849815615,124
15,61,5.577563180373265,5.577563180373265,104
15,62,5.032979911732896,5.032979911732896,107
15,63,4.316919556370488,4.316919556370488,54
15,64,3.6225923323631286,3.6225923323631286,100
15,65,3.0743361450731754,3.0743361450731754,128
15,66,2.324711065765814,2.324711065765814,141
15,67,1.896233311883963,1.896233311883963,157
