workers,chunk_rows,elapsed_seconds,output_windows,input_rows,sha256_rows,kind,repeat,peak_process_tree_rss_bytes,process_wall_seconds
1,120000,2.2300497999967774,87510,5263447,5989ba5e44e0c07d4e5917133ae81d39c3a7d36004069339a1b06fc1aa34f8bc,warmup,-1,212381696,3.8292275999992853
8,120000,1.6212204000039492,87510,5263447,5989ba5e44e0c07d4e5917133ae81d39c3a7d36004069339a1b06fc1aa34f8bc,measured,0,978866176,3.113549599998805
4,120000,1.473291500005871,87510,5263447,5989ba5e44e0c07d4e5917133ae81d39c3a7d36004069339a1b06fc1aa34f8bc,measured,0,595890176,2.975798899999063
4,1024,2.332830899998953,87510,5263447,5989ba5e44e0c07d4e5917133ae81d39c3a7d36004069339a1b06fc1aa34f8bc,measured,0,584695808,3.838177999998152
1,120000,2.189645099999325,87510,5263447,5989ba5e44e0c07d4e5917133ae81d39c3a7d36004069339a1b06fc1aa34f8bc,measured,0,208379904,3.7318039999954635
4,8192,1.585471200000029,87510,5263447,5989ba5e44e0c07d4e5917133ae81d39c3a7d36004069339a1b06fc1aa34f8bc,measured,0,587071488,3.0743318000022555
2,120000,1.8075142000016058,87510,5263447,5989ba5e44e0c07d4e5917133ae81d39c3a7d36004069339a1b06fc1aa34f8bc,measured,0,396877824,3.3866137999939383
4,8192,1.6365541999984998,87510,5263447,5989ba5e44e0c07d4e5917133ae81d39c3a7d36004069339a1b06fc1aa34f8bc,measured,1,585224192,3.171577699999034
1,120000,2.152595999999903,87510,5263447,5989ba5e44e0c07d4e5917133ae81d39c3a7d36004069339a1b06fc1aa34f8bc,measured,1,210759680,3.7066895000025397
4,120000,1.4719171000033384,87510,5263447,5989ba5e44e0c07d4e5917133ae81d39c3a7d36004069339a1b06fc1aa34f8bc,measured,1,605548544,3.0483616999990772
2,120000,1.7718508999969345,87510,5263447,5989ba5e44e0c07d4e5917133ae81d39c3a7d36004069339a1b06fc1aa34f8bc,measured,1,408850432,3.2865559000056237
4,1024,2.388625100000354,87510,5263447,5989ba5e44e0c07d4e5917133ae81d39c3a7d36004069339a1b06fc1aa34f8bc,measured,1,579690496,3.9281979000006686
8,120000,1.6372422999993432,87510,5263447,5989ba5e44e0c07d4e5917133ae81d39c3a7d36004069339a1b06fc1aa34f8bc,measured,1,978849792,3.0725615000046673
1,120000,2.1521438999989186,87510,5263447,5989ba5e44e0c07d4e5917133ae81d39c3a7d36004069339a1b06fc1aa34f8bc,measured,2,209027072,3.709784300001047
8,120000,1.5983666000029189,87510,5263447,5989ba5e44e0c07d4e5917133ae81d39c3a7d36004069339a1b06fc1aa34f8bc,measured,2,977768448,3.062873499999114
2,120000,1.7775001999980304,87510,5263447,5989ba5e44e0c07d4e5917133ae81d39c3a7d36004069339a1b06fc1aa34f8bc,measured,2,402771968,3.2820487999997567
4,1024,2.3434711000008974,87510,5263447,5989ba5e44e0c07d4e5917133ae81d39c3a7d36004069339a1b06fc1aa34f8bc,measured,2,585240576,3.8248789999997825
4,8192,1.7847211999978754,87510,5263447,5989ba5e44e0c07d4e5917133ae81d39c3a7d36004069339a1b06fc1aa34f8bc,measured,2,591757312,3.3174711000028765
4,120000,2.2850628000014694,87510,5263447,5989ba5e44e0c07d4e5917133ae81d39c3a7d36004069339a1b06fc1aa34f8bc,measured,2,594669568,3.9746823999957996
