unit,life_stage,n_cycles,mae,rmse,bias_pred_minus_true
11,RUL <= 10,11,1.0806773727272727,1.1491557634419978,1.0806773727272727
11,10 < RUL <= 30,20,5.240897649999999,5.587425839089326,5.240897649999999
11,RUL > 30,28,8.86687132142857,9.747343119176076,8.86687132142857
14,RUL <= 10,11,0.7339560454545455,0.879084407412621,0.7339560454545455
14,10 < RUL <= 30,20,3.1894097500000003,3.384978259400103,3.1894097500000003
14,RUL > 30,45,6.291944177777778,7.655609753121751,-2.108698488888889
15,RUL <= 10,11,0.6396644545454547,0.8385337071365371,0.42849419999999994
15,10 < RUL <= 30,20,2.4260560999999994,2.929303344193069,2.3506037999999996
15,RUL > 30,36,3.4904171388888887,4.155961817845221,0.8099772500000001
