unit,cycle,target,prediction,n_windows,model,error,absolute_error,life_stage
11,18,41.0,57.008484,209,cnn_1d,16.008484000000003,16.008484000000003,RUL > 30
14,2,74.0,58.693325,25,cnn_1d,-15.306674999999998,15.306674999999998,RUL > 30
11,19,40.0,55.212124,137,cnn_1d,15.212124000000003,15.212124000000003,RUL > 30
11,17,42.0,57.135006,190,cnn_1d,15.135005999999997,15.135005999999997,RUL > 30
14,1,75.0,60.896263,42,cnn_1d,-14.103737000000002,14.103737000000002,RUL > 30
14,4,72.0,58.095726,21,cnn_1d,-13.904274000000001,13.904274000000001,RUL > 30
14,3,73.0,59.359474,31,cnn_1d,-13.640526000000001,13.640526000000001,RUL > 30
14,6,70.0,56.493526,48,cnn_1d,-13.506473999999997,13.506473999999997,RUL > 30
11,12,47.0,60.189594,239,cnn_1d,13.189594,13.189594,RUL > 30
11,14,45.0,58.18542,192,cnn_1d,13.18542,13.18542,RUL > 30
11,15,44.0,56.62132,128,cnn_1d,12.621319999999997,12.621319999999997,RUL > 30
11,10,49.0,60.646233,232,cnn_1d,11.646233000000002,11.646233000000002,RUL > 30
11,24,35.0,46.371956,150,cnn_1d,11.371955999999997,11.371955999999997,RUL > 30
14,13,63.0,51.908314,21,cnn_1d,-11.091686000000003,11.091686000000003,RUL > 30
14,7,69.0,58.003296,21,cnn_1d,-10.996704000000001,10.996704000000001,RUL > 30
