model,fold,train_units,validation_units,fit_seconds,unit,n_cycles,mae,rmse
dummy_mean,1,"[2, 10, 18, 20]","[5, 16]",0.01161129999672994,5,89,22.924157303370787,26.83398032346301
dummy_mean,1,"[2, 10, 18, 20]","[5, 16]",0.01161129999672994,16,63,16.186507936507937,18.92694287693252
dummy_mean,2,"[2, 5, 16, 18]","[10, 20]",0.007448299998941366,10,82,20.67073170731707,23.964817963005682
dummy_mean,2,"[2, 5, 16, 18]","[10, 20]",0.007448299998941366,20,66,16.772727272727273,19.518687626648127
dummy_mean,3,"[5, 10, 16, 20]","[2, 18]",0.0074183999968227,2,75,18.746666666666666,21.64871050817269
dummy_mean,3,"[5, 10, 16, 20]","[2, 18]",0.0074183999968227,18,71,17.802816901408452,20.591260281974
ridge,1,"[2, 10, 18, 20]","[5, 16]",0.14768719999847235,5,89,11.884568214416504,15.566130638122559
ridge,1,"[2, 10, 18, 20]","[5, 16]",0.14768719999847235,16,63,8.652907371520996,9.732206344604492
ridge,2,"[2, 5, 16, 18]","[10, 20]",0.1290588999981992,10,82,10.122726440429688,12.540914535522461
ridge,2,"[2, 5, 16, 18]","[10, 20]",0.1290588999981992,20,66,9.214107513427734,10.39237117767334
ridge,3,"[5, 10, 16, 20]","[2, 18]",0.14672479999717325,2,75,9.649469375610352,10.904807090759277
ridge,3,"[5, 10, 16, 20]","[2, 18]",0.14672479999717325,18,71,8.040375709533691,9.164226531982422
hist_gradient_boosting,1,"[2, 10, 18, 20]","[5, 16]",2.661069599998882,5,89,11.936129145189817,16.410420872584023
hist_gradient_boosting,1,"[2, 10, 18, 20]","[5, 16]",2.661069599998882,16,63,8.76722645044131,9.593427005120908
hist_gradient_boosting,2,"[2, 5, 16, 18]","[10, 20]",2.718679500001599,10,82,10.170852925806694,13.120297375724839
hist_gradient_boosting,2,"[2, 5, 16, 18]","[10, 20]",2.718679500001599,20,66,9.554045877618632,10.591231385738089
hist_gradient_boosting,3,"[5, 10, 16, 20]","[2, 18]",2.6809416999967652,2,75,9.875544450315314,11.45347890511811
hist_gradient_boosting,3,"[5, 10, 16, 20]","[2, 18]",2.6809416999967652,18,71,8.189870007701023,9.479985783762586
