window,stride,model,nonnegative,fold,train_units,validation_units,fit_seconds,n_development_windows,unit,n_cycles,mae,rmse
30,15,ridge,False,1,"[2, 10, 18, 20]","[5, 16]",0.7631204000063008,350255,5,89,11.880667189232716,15.554717958124154
30,15,ridge,False,1,"[2, 10, 18, 20]","[5, 16]",0.7631204000063008,350255,16,63,8.625400190764877,9.707187508474298
30,15,ridge,True,1,"[2, 10, 18, 20]","[5, 16]",0.7631204000063008,350255,5,89,10.928767783643686,14.947843803552637
30,15,ridge,True,1,"[2, 10, 18, 20]","[5, 16]",0.7631204000063008,350255,16,63,7.962080585816432,9.214120554937514
30,15,ridge,False,2,"[2, 5, 16, 18]","[10, 20]",0.779214399997727,350255,10,82,10.085904713236665,12.493956346464378
30,15,ridge,False,2,"[2, 5, 16, 18]","[10, 20]",0.779214399997727,350255,20,66,9.217012806976529,10.4123680658352
30,15,ridge,True,2,"[2, 5, 16, 18]","[10, 20]",0.779214399997727,350255,10,82,9.182071037548619,11.784869407168948
30,15,ridge,True,2,"[2, 5, 16, 18]","[10, 20]",0.779214399997727,350255,20,66,8.62134896965594,10.01676192479138
30,15,ridge,False,3,"[5, 10, 16, 20]","[2, 18]",0.6899137000000337,350255,2,75,9.624974706642599,10.875106114749423
30,15,ridge,False,3,"[5, 10, 16, 20]","[2, 18]",0.6899137000000337,350255,18,71,8.040366696030917,9.182052064446813
30,15,ridge,True,3,"[5, 10, 16, 20]","[2, 18]",0.6899137000000337,350255,2,75,8.825879523744318,10.234509153540564
30,15,ridge,True,3,"[5, 10, 16, 20]","[2, 18]",0.6899137000000337,350255,18,71,7.248837732855742,8.475216242187928
30,15,hist_gradient_boosting,False,1,"[2, 10, 18, 20]","[5, 16]",10.757124299998395,350255,5,89,12.094733271486021,16.582454484272954
30,15,hist_gradient_boosting,False,1,"[2, 10, 18, 20]","[5, 16]",10.757124299998395,350255,16,63,8.80119614218544,9.63288519858461
30,15,hist_gradient_boosting,True,1,"[2, 10, 18, 20]","[5, 16]",10.757124299998395,350255,5,89,12.111387356784391,16.586459468369174
30,15,hist_gradient_boosting,True,1,"[2, 10, 18, 20]","[5, 16]",10.757124299998395,350255,16,63,8.820593582954737,9.639549657983403
30,15,hist_gradient_boosting,False,2,"[2, 5, 16, 18]","[10, 20]",10.52141059999849,350255,10,82,10.378711696432317,13.324235924687592
30,15,hist_gradient_boosting,False,2,"[2, 5, 16, 18]","[10, 20]",10.52141059999849,350255,20,66,9.54922673381338,10.553813588470195
30,15,hist_gradient_boosting,True,2,"[2, 5, 16, 18]","[10, 20]",10.52141059999849,350255,10,82,10.399755747192676,13.33007945035536
30,15,hist_gradient_boosting,True,2,"[2, 5, 16, 18]","[10, 20]",10.52141059999849,350255,20,66,9.55385641616572,10.55680385609071
30,15,hist_gradient_boosting,False,3,"[5, 10, 16, 20]","[2, 18]",10.432452699998976,350255,2,75,10.099333712367056,11.685799478681464
30,15,hist_gradient_boosting,False,3,"[5, 10, 16, 20]","[2, 18]",10.432452699998976,350255,18,71,8.293911354505015,9.563988037711995
30,15,hist_gradient_boosting,True,3,"[5, 10, 16, 20]","[2, 18]",10.432452699998976,350255,2,75,10.129357710939917,11.694119615538131
30,15,hist_gradient_boosting,True,3,"[5, 10, 16, 20]","[2, 18]",10.432452699998976,350255,18,71,8.34151679049763,9.58260874796737
30,30,ridge,False,1,"[2, 10, 18, 20]","[5, 16]",0.3350315999996383,175235,5,89,11.879369503389823,15.553988056980613
30,30,ridge,False,1,"[2, 10, 18, 20]","[5, 16]",0.3350315999996383,175235,16,63,8.638128271533848,9.7178862775377
30,30,ridge,True,1,"[2, 10, 18, 20]","[5, 16]",0.3350315999996383,175235,5,89,10.936458454042516,14.957472664343378
30,30,ridge,True,1,"[2, 10, 18, 20]","[5, 16]",0.3350315999996383,175235,16,63,7.970959960084431,9.222677963989636
30,30,ridge,False,2,"[2, 5, 16, 18]","[10, 20]",0.3244215000013355,175235,10,82,10.102584297022931,12.514899321968771
30,30,ridge,False,2,"[2, 5, 16, 18]","[10, 20]",0.3244215000013355,175235,20,66,9.212619425310828,10.397049936666985
30,30,ridge,True,2,"[2, 5, 16, 18]","[10, 20]",0.3244215000013355,175235,10,82,9.19968822736579,11.80874557958778
30,30,ridge,True,2,"[2, 5, 16, 18]","[10, 20]",0.3244215000013355,175235,20,66,8.648579258715193,10.032940808343755
30,30,ridge,False,3,"[5, 10, 16, 20]","[2, 18]",0.3104220999957761,175235,2,75,9.635834170023136,10.888943284266027
30,30,ridge,False,3,"[5, 10, 16, 20]","[2, 18]",0.3104220999957761,175235,18,71,8.039659837372708,9.174900162741743
30,30,ridge,True,3,"[5, 10, 16, 20]","[2, 18]",0.3104220999957761,175235,2,75,8.837387756976833,10.250667262027191
30,30,ridge,True,3,"[5, 10, 16, 20]","[2, 18]",0.3104220999957761,175235,18,71,7.266563810209855,8.496442929538224
30,30,hist_gradient_boosting,False,1,"[2, 10, 18, 20]","[5, 16]",5.133671899995534,175235,5,89,12.122803216543224,16.589978905989156
30,30,hist_gradient_boosting,False,1,"[2, 10, 18, 20]","[5, 16]",5.133671899995534,175235,16,63,8.900876703072205,9.71921304988424
30,30,hist_gradient_boosting,True,1,"[2, 10, 18, 20]","[5, 16]",5.133671899995534,175235,5,89,12.143033799664385,16.595063229242985
30,30,hist_gradient_boosting,True,1,"[2, 10, 18, 20]","[5, 16]",5.133671899995534,175235,16,63,8.909377558325131,9.722859795283119
30,30,hist_gradient_boosting,False,2,"[2, 5, 16, 18]","[10, 20]",5.215732399999979,175235,10,82,10.29994517828341,13.240979067665178
30,30,hist_gradient_boosting,False,2,"[2, 5, 16, 18]","[10, 20]",5.215732399999979,175235,20,66,9.567268736869899,10.561571313412564
30,30,hist_gradient_boosting,True,2,"[2, 5, 16, 18]","[10, 20]",5.215732399999979,175235,10,82,10.325795970917568,13.247697546197404
30,30,hist_gradient_boosting,True,2,"[2, 5, 16, 18]","[10, 20]",5.215732399999979,175235,20,66,9.571582496873356,10.564513827219425
30,30,hist_gradient_boosting,False,3,"[5, 10, 16, 20]","[2, 18]",5.204834799995297,175235,2,75,10.029011341834883,11.592440020645945
30,30,hist_gradient_boosting,False,3,"[5, 10, 16, 20]","[2, 18]",5.204834799995297,175235,18,71,8.222696719760378,9.493706214987471
30,30,hist_gradient_boosting,True,3,"[5, 10, 16, 20]","[2, 18]",5.204834799995297,175235,2,75,10.048423537527272,11.59863132686675
30,30,hist_gradient_boosting,True,3,"[5, 10, 16, 20]","[2, 18]",5.204834799995297,175235,18,71,8.245408487245793,9.50500082323527
60,30,ridge,False,1,"[2, 10, 18, 20]","[5, 16]",0.4393606000012369,174789,5,89,11.885480621813935,15.566034968310683
60,30,ridge,False,1,"[2, 10, 18, 20]","[5, 16]",0.4393606000012369,174789,16,63,8.642198181391423,9.727797312036227
60,30,ridge,True,1,"[2, 10, 18, 20]","[5, 16]",0.4393606000012369,174789,5,89,10.942040910765492,14.969860574187361
60,30,ridge,True,1,"[2, 10, 18, 20]","[5, 16]",0.4393606000012369,174789,16,63,7.969771646703963,9.226000092379051
60,30,ridge,False,2,"[2, 5, 16, 18]","[10, 20]",0.4296087999973679,174789,10,82,10.103905909807684,12.515998848340598
60,30,ridge,False,2,"[2, 5, 16, 18]","[10, 20]",0.4296087999973679,174789,20,66,9.214472255525862,10.400936951705983
60,30,ridge,True,2,"[2, 5, 16, 18]","[10, 20]",0.4296087999973679,174789,10,82,9.199495729765914,11.80811312560751
60,30,ridge,True,2,"[2, 5, 16, 18]","[10, 20]",0.4296087999973679,174789,20,66,8.655478957088832,10.041603904952158
60,30,ridge,False,3,"[5, 10, 16, 20]","[2, 18]",0.36228180000034627,174789,2,75,9.641091218759806,10.892776279328073
60,30,ridge,False,3,"[5, 10, 16, 20]","[2, 18]",0.36228180000034627,174789,18,71,8.0409108943088,9.172257378160229
60,30,ridge,True,3,"[5, 10, 16, 20]","[2, 18]",0.36228180000034627,174789,2,75,8.842211466723755,10.25417210300608
60,30,ridge,True,3,"[5, 10, 16, 20]","[2, 18]",0.36228180000034627,174789,18,71,7.269062674483226,8.495124575779558
60,30,hist_gradient_boosting,False,1,"[2, 10, 18, 20]","[5, 16]",5.143866299993533,174789,5,89,12.220924392264193,16.642636477657124
60,30,hist_gradient_boosting,False,1,"[2, 10, 18, 20]","[5, 16]",5.143866299993533,174789,16,63,8.912335114412484,9.719089908589421
60,30,hist_gradient_boosting,True,1,"[2, 10, 18, 20]","[5, 16]",5.143866299993533,174789,5,89,12.237111944016126,16.647074755203874
60,30,hist_gradient_boosting,True,1,"[2, 10, 18, 20]","[5, 16]",5.143866299993533,174789,16,63,8.926888065852523,9.724127368859484
60,30,hist_gradient_boosting,False,2,"[2, 5, 16, 18]","[10, 20]",5.399021399993217,174789,10,82,10.300986071854245,13.280137957963179
60,30,hist_gradient_boosting,False,2,"[2, 5, 16, 18]","[10, 20]",5.399021399993217,174789,20,66,9.600860805660417,10.651999435612408
60,30,hist_gradient_boosting,True,2,"[2, 5, 16, 18]","[10, 20]",5.399021399993217,174789,10,82,10.318170867426339,13.285512675663698
60,30,hist_gradient_boosting,True,2,"[2, 5, 16, 18]","[10, 20]",5.399021399993217,174789,20,66,9.609313320552532,10.65696491195031
60,30,hist_gradient_boosting,False,3,"[5, 10, 16, 20]","[2, 18]",5.302242699995986,174789,2,75,9.93876287753416,11.506278026267687
60,30,hist_gradient_boosting,False,3,"[5, 10, 16, 20]","[2, 18]",5.302242699995986,174789,18,71,8.203669414568116,9.495865315548501
60,30,hist_gradient_boosting,True,3,"[5, 10, 16, 20]","[2, 18]",5.302242699995986,174789,2,75,9.96211464625816,11.513257793078134
60,30,hist_gradient_boosting,True,3,"[5, 10, 16, 20]","[2, 18]",5.302242699995986,174789,18,71,8.226319952115505,9.503954135425179
60,60,ridge,False,1,"[2, 10, 18, 20]","[5, 16]",0.15446630000224104,87510,5,89,11.88451774766248,15.566081626396013
60,60,ridge,False,1,"[2, 10, 18, 20]","[5, 16]",0.15446630000224104,87510,16,63,8.652932319456204,9.732232727816958
60,60,ridge,True,1,"[2, 10, 18, 20]","[5, 16]",0.15446630000224104,87510,5,89,10.957971376198754,14.988824256552235
60,60,ridge,True,1,"[2, 10, 18, 20]","[5, 16]",0.15446630000224104,87510,16,63,7.9842951766365555,9.239616518818584
60,60,ridge,False,2,"[2, 5, 16, 18]","[10, 20]",0.16409700000076555,87510,10,82,10.122732145192044,12.540968786083283
60,60,ridge,False,2,"[2, 5, 16, 18]","[10, 20]",0.16409700000076555,87510,20,66,9.21415282471915,10.392407639507157
60,60,ridge,True,2,"[2, 5, 16, 18]","[10, 20]",0.16409700000076555,87510,10,82,9.217816231301933,11.836283060955694
60,60,ridge,True,2,"[2, 5, 16, 18]","[10, 20]",0.16409700000076555,87510,20,66,8.696280334794828,10.073460479486231
60,60,ridge,False,3,"[5, 10, 16, 20]","[2, 18]",0.14941019999969285,87510,2,75,9.649479783872113,10.904809835426121
60,60,ridge,False,3,"[5, 10, 16, 20]","[2, 18]",0.14941019999969285,87510,18,71,8.040346655361132,9.16420964903356
60,60,ridge,True,3,"[5, 10, 16, 20]","[2, 18]",0.14941019999969285,87510,2,75,8.853876161582212,10.272884310453364
60,60,ridge,True,3,"[5, 10, 16, 20]","[2, 18]",0.14941019999969285,87510,18,71,7.292717215400296,8.523102685749523
60,60,hist_gradient_boosting,False,1,"[2, 10, 18, 20]","[5, 16]",2.803471300001547,87510,5,89,11.936129145189817,16.410420872584023
60,60,hist_gradient_boosting,False,1,"[2, 10, 18, 20]","[5, 16]",2.803471300001547,87510,16,63,8.76722645044131,9.593427005120908
60,60,hist_gradient_boosting,True,1,"[2, 10, 18, 20]","[5, 16]",2.803471300001547,87510,5,89,11.948893193362496,16.413845655608206
60,60,hist_gradient_boosting,True,1,"[2, 10, 18, 20]","[5, 16]",2.803471300001547,87510,16,63,8.783971328811546,9.599005515139005
60,60,hist_gradient_boosting,False,2,"[2, 5, 16, 18]","[10, 20]",2.7996007000037935,87510,10,82,10.170852925806694,13.120297375724839
60,60,hist_gradient_boosting,False,2,"[2, 5, 16, 18]","[10, 20]",2.7996007000037935,87510,20,66,9.554045877618632,10.591231385738089
60,60,hist_gradient_boosting,True,2,"[2, 5, 16, 18]","[10, 20]",2.7996007000037935,87510,10,82,10.203679905764604,13.128260355558254
60,60,hist_gradient_boosting,True,2,"[2, 5, 16, 18]","[10, 20]",2.7996007000037935,87510,20,66,9.558661158082627,10.594082137207629
60,60,hist_gradient_boosting,False,3,"[5, 10, 16, 20]","[2, 18]",2.739488100000017,87510,2,75,9.875544450315314,11.45347890511811
60,60,hist_gradient_boosting,False,3,"[5, 10, 16, 20]","[2, 18]",2.739488100000017,87510,18,71,8.189870007701023,9.479985783762586
60,60,hist_gradient_boosting,True,3,"[5, 10, 16, 20]","[2, 18]",2.739488100000017,87510,2,75,9.896927516738788,11.459544816921673
60,60,hist_gradient_boosting,True,3,"[5, 10, 16, 20]","[2, 18]",2.739488100000017,87510,18,71,8.215900439789365,9.491256031919834
120,60,ridge,False,1,"[2, 10, 18, 20]","[5, 16]",0.15665970000554807,87064,5,89,11.888629263955345,15.57740930414739
120,60,ridge,False,1,"[2, 10, 18, 20]","[5, 16]",0.15665970000554807,87064,16,63,8.652127331171371,9.739708213803503
120,60,ridge,True,1,"[2, 10, 18, 20]","[5, 16]",0.15665970000554807,87064,5,89,10.956400342715103,14.995018915438019
120,60,ridge,True,1,"[2, 10, 18, 20]","[5, 16]",0.15665970000554807,87064,16,63,7.973578884935988,9.23391260253838
120,60,ridge,False,2,"[2, 5, 16, 18]","[10, 20]",0.1621132000000216,87064,10,82,10.129677413373882,12.547862552173923
120,60,ridge,False,2,"[2, 5, 16, 18]","[10, 20]",0.1621132000000216,87064,20,66,9.226530360216126,10.405779625050496
120,60,ridge,True,2,"[2, 5, 16, 18]","[10, 20]",0.1621132000000216,87064,10,82,9.222996415463736,11.840628013021842
120,60,ridge,True,2,"[2, 5, 16, 18]","[10, 20]",0.1621132000000216,87064,20,66,8.714032847276226,10.091312244037999
120,60,ridge,False,3,"[5, 10, 16, 20]","[2, 18]",0.16302590000123018,87064,2,75,9.66083102017555,10.920161398626988
120,60,ridge,False,3,"[5, 10, 16, 20]","[2, 18]",0.16302590000123018,87064,18,71,8.045816918238732,9.168451188019514
120,60,ridge,True,3,"[5, 10, 16, 20]","[2, 18]",0.16302590000123018,87064,2,75,8.865389122680297,10.289989094401628
120,60,ridge,True,3,"[5, 10, 16, 20]","[2, 18]",0.16302590000123018,87064,18,71,7.299360910047301,8.5270382035564
120,60,hist_gradient_boosting,False,1,"[2, 10, 18, 20]","[5, 16]",2.721515700002783,87064,5,89,11.981183382476448,16.509299584578866
120,60,hist_gradient_boosting,False,1,"[2, 10, 18, 20]","[5, 16]",2.721515700002783,87064,16,63,8.760715790542081,9.558412482577682
120,60,hist_gradient_boosting,True,1,"[2, 10, 18, 20]","[5, 16]",2.721515700002783,87064,5,89,12.001476849673363,16.514578750891655
120,60,hist_gradient_boosting,True,1,"[2, 10, 18, 20]","[5, 16]",2.721515700002783,87064,16,63,8.76621905211162,9.560579578634421
120,60,hist_gradient_boosting,False,2,"[2, 5, 16, 18]","[10, 20]",2.7987056999991182,87064,10,82,10.092790387290723,13.047702549557336
120,60,hist_gradient_boosting,False,2,"[2, 5, 16, 18]","[10, 20]",2.7987056999991182,87064,20,66,9.514359076727036,10.523280658046048
120,60,hist_gradient_boosting,True,2,"[2, 5, 16, 18]","[10, 20]",2.7987056999991182,87064,10,82,10.110863245548744,13.054199982850657
120,60,hist_gradient_boosting,True,2,"[2, 5, 16, 18]","[10, 20]",2.7987056999991182,87064,20,66,9.518153914841667,10.525681914940026
120,60,hist_gradient_boosting,False,3,"[5, 10, 16, 20]","[2, 18]",2.8155075999966357,87064,2,75,9.773938223080382,11.38191447013719
120,60,hist_gradient_boosting,False,3,"[5, 10, 16, 20]","[2, 18]",2.8155075999966357,87064,18,71,8.064473928340574,9.39141721309026
120,60,hist_gradient_boosting,True,3,"[5, 10, 16, 20]","[2, 18]",2.8155075999966357,87064,2,75,9.817193673622203,11.391895187087476
120,60,hist_gradient_boosting,True,3,"[5, 10, 16, 20]","[2, 18]",2.8155075999966357,87064,18,71,8.10418028814282,9.405549412480012
120,120,ridge,False,1,"[2, 10, 18, 20]","[5, 16]",0.07321879999653902,43648,5,89,11.886872457951874,15.584796011724023
120,120,ridge,False,1,"[2, 10, 18, 20]","[5, 16]",0.07321879999653902,43648,16,63,8.677710056129214,9.746049435741577
120,120,ridge,True,1,"[2, 10, 18, 20]","[5, 16]",0.07321879999653902,43648,5,89,10.976324596201739,15.025492222605754
120,120,ridge,True,1,"[2, 10, 18, 20]","[5, 16]",0.07321879999653902,43648,16,63,8.00668855254672,9.254194009828163
120,120,ridge,False,2,"[2, 5, 16, 18]","[10, 20]",0.07700320000003558,43648,10,82,10.139672621150943,12.574086985618102
120,120,ridge,False,2,"[2, 5, 16, 18]","[10, 20]",0.07700320000003558,43648,20,66,9.21942878973362,10.393784791059769
120,120,ridge,True,2,"[2, 5, 16, 18]","[10, 20]",0.07700320000003558,43648,10,82,9.240291399937211,11.880507056608092
120,120,ridge,True,2,"[2, 5, 16, 18]","[10, 20]",0.07700320000003558,43648,20,66,8.755623005865155,10.125757418911814
120,120,ridge,False,3,"[5, 10, 16, 20]","[2, 18]",0.08664380000118399,43648,2,75,9.679164363299519,10.944229259838641
120,120,ridge,False,3,"[5, 10, 16, 20]","[2, 18]",0.08664380000118399,43648,18,71,8.058245483082294,9.168521241627444
120,120,ridge,True,3,"[5, 10, 16, 20]","[2, 18]",0.08664380000118399,43648,2,75,8.891063033540805,10.3284982161713
120,120,ridge,True,3,"[5, 10, 16, 20]","[2, 18]",0.08664380000118399,43648,18,71,7.350665977593781,8.580605609104671
120,120,hist_gradient_boosting,False,1,"[2, 10, 18, 20]","[5, 16]",1.6028070999964257,43648,5,89,12.007862212384596,16.544560720649358
120,120,hist_gradient_boosting,False,1,"[2, 10, 18, 20]","[5, 16]",1.6028070999964257,43648,16,63,8.819930980096455,9.602197532309408
120,120,hist_gradient_boosting,True,1,"[2, 10, 18, 20]","[5, 16]",1.6028070999964257,43648,5,89,12.029818880882635,16.549403044547045
120,120,hist_gradient_boosting,True,1,"[2, 10, 18, 20]","[5, 16]",1.6028070999964257,43648,16,63,8.831348255568779,9.606072216906052
120,120,hist_gradient_boosting,False,2,"[2, 5, 16, 18]","[10, 20]",1.6282314000054612,43648,10,82,10.165316713576198,13.12133189230765
120,120,hist_gradient_boosting,False,2,"[2, 5, 16, 18]","[10, 20]",1.6282314000054612,43648,20,66,9.469775917227613,10.514793478801016
120,120,hist_gradient_boosting,True,2,"[2, 5, 16, 18]","[10, 20]",1.6282314000054612,43648,10,82,10.181890579349636,13.125691755305912
120,120,hist_gradient_boosting,True,2,"[2, 5, 16, 18]","[10, 20]",1.6282314000054612,43648,20,66,9.477472130665053,10.518982554420374
120,120,hist_gradient_boosting,False,3,"[5, 10, 16, 20]","[2, 18]",1.5672564999986207,43648,2,75,9.837498562825857,11.378225289293189
120,120,hist_gradient_boosting,False,3,"[5, 10, 16, 20]","[2, 18]",1.5672564999986207,43648,18,71,8.067869447707004,9.362181731044105
120,120,hist_gradient_boosting,True,3,"[5, 10, 16, 20]","[2, 18]",1.5672564999986207,43648,2,75,9.867979806198356,11.387025844655966
120,120,hist_gradient_boosting,True,3,"[5, 10, 16, 20]","[2, 18]",1.5672564999986207,43648,18,71,8.098685725320697,9.375644453532903
