rank,window,stride,model,nonnegative,cv_macro_engine_cycle_mae,cv_macro_engine_cycle_rmse,n_heldout_engines,n_folds,selected_by_dev_cv
1,30,15,ridge,True,8.794830938877455,10.778886847696496,6,3,True
2,30,30,ridge,True,8.809939577899103,10.794824534638328,6,3,False
3,60,30,ridge,True,8.813010230921863,10.799145729318619,6,3,False
4,60,60,ridge,True,8.83382608265243,10.822361885335939,6,3,False
5,120,60,ridge,True,8.838626420519775,10.829649845499043,6,3,False
6,120,120,ridge,True,8.870109427614233,10.865842422204965,6,3,False
7,30,15,ridge,False,9.57905438381405,11.370898009682378,6,3,False
8,30,30,ridge,False,9.584699250775545,11.374611173360307,6,3,False
9,60,30,ridge,False,9.588009846934584,11.379300289646965,6,3,False
10,60,60,ridge,False,9.59402691271052,11.383451710710515,6,3,False
11,120,60,ridge,False,9.6006020511885,11.39322871363697,6,3,False
12,120,120,ridge,False,9.610182295224577,11.401911287601592,6,3,False
13,120,60,hist_gradient_boosting,False,9.697910131409541,11.73533782633123,6,3,False
14,120,60,hist_gradient_boosting,True,9.719681170656736,11.742080804480707,6,3,False
15,120,120,hist_gradient_boosting,False,9.728042305636288,11.753881774067453,6,3,False
16,120,120,hist_gradient_boosting,True,9.74786589633086,11.760469978228043,6,3,False
17,60,60,hist_gradient_boosting,False,9.748944809512134,11.774806888008094,6,3,False
18,60,60,hist_gradient_boosting,True,9.768005590424904,11.780999085392432,6,3,False
19,30,30,hist_gradient_boosting,False,9.857100316060667,11.866314762097426,6,3,False
20,30,30,hist_gradient_boosting,True,9.873936975092251,11.872294424674159,6,3,False
21,60,30,hist_gradient_boosting,False,9.862923112715603,11.882667853606387,6,3,False
22,60,30,hist_gradient_boosting,True,9.879986466036863,11.888481940030113,6,3,False
23,30,15,hist_gradient_boosting,False,9.86951881846487,11.890529452068135,6,3,False
24,30,15,hist_gradient_boosting,True,9.892744600755845,11.898270132717357,6,3,False
